{
    "results": [
        {
            "data_path": "/home/egor2320/MSnOutliers/src/data/source.csv",
            "max_noise": 50,
            "metrics_by_noise_level": [
                {
                    "detection_metrics": {
                        "f1_score": 0.0,
                        "precision": 0.0,
                        "recall": 0.0
                    },
                    "metrics": {
                        "MAE": 0.0083341443598413,
                        "MAPE": 0.671982629682878,
                        "MSE": 0.0005925529795758431,
                        "RMSE": 0.015844820401415896,
                        "SMAPE": 0.6674858867017902
                    },
                    "noise_level": 35
                },
                {
                    "detection_metrics": {
                        "f1_score": 0.0,
                        "precision": 0.0,
                        "recall": 0.0
                    },
                    "metrics": {
                        "MAE": 0.006828708456115473,
                        "MAPE": 0.5424060991804536,
                        "MSE": 0.00036256328287966234,
                        "RMSE": 0.012718505597378105,
                        "SMAPE": 0.5550815007661389
                    },
                    "noise_level": 36
                },
                {
                    "detection_metrics": {
                        "f1_score": 0.0,
                        "precision": 0.0,
                        "recall": 0.0
                    },
                    "metrics": {
                        "MAE": 0.002386473275481693,
                        "MAPE": 0.1808819483810959,
                        "MSE": 3.4658646978802596e-05,
                        "RMSE": 0.004155201817158845,
                        "SMAPE": 0.1818884757652214
                    },
                    "noise_level": 37
                },
                {
                    "detection_metrics": {
                        "f1_score": 0.0,
                        "precision": 0.0,
                        "recall": 0.0
                    },
                    "metrics": {
                        "MAE": 0.010036178212304703,
                        "MAPE": 0.805903225407036,
                        "MSE": 0.0005877737648466318,
                        "RMSE": 0.01903691547806304,
                        "SMAPE": 0.8243301290284435
                    },
                    "noise_level": 38
                },
                {
                    "detection_metrics": {
                        "f1_score": 0.0,
                        "precision": 0.0,
                        "recall": 0.0
                    },
                    "metrics": {
                        "MAE": 0.0075277635698570485,
                        "MAPE": 0.6046767080322286,
                        "MSE": 0.0003400600105994445,
                        "RMSE": 0.01424240641828147,
                        "SMAPE": 0.6078394746051541
                    },
                    "noise_level": 39
                },
                {
                    "detection_metrics": {
                        "f1_score": 0.0,
                        "precision": 0.0,
                        "recall": 0.0
                    },
                    "metrics": {
                        "MAE": 0.002252435916967166,
                        "MAPE": 0.1756901327531442,
                        "MSE": 2.7199783386407747e-05,
                        "RMSE": 0.004108492553951855,
                        "SMAPE": 0.17603433801409368
                    },
                    "noise_level": 40
                },
                {
                    "detection_metrics": {
                        "f1_score": 0.0,
                        "precision": 0.0,
                        "recall": 0.0
                    },
                    "metrics": {
                        "MAE": 0.006482025494033228,
                        "MAPE": 0.5148990066200925,
                        "MSE": 0.0002514886645701939,
                        "RMSE": 0.012088549753490972,
                        "SMAPE": 0.5225181875143166
                    },
                    "noise_level": 41
                },
                {
                    "detection_metrics": {
                        "f1_score": 0.0,
                        "precision": 0.0,
                        "recall": 0.0
                    },
                    "metrics": {
                        "MAE": 0.0056840359405971545,
                        "MAPE": 0.4514353903851225,
                        "MSE": 0.00024006435549917397,
                        "RMSE": 0.010612031850381924,
                        "SMAPE": 0.45650192893089986
                    },
                    "noise_level": 42
                },
                {
                    "detection_metrics": {
                        "f1_score": 0.0,
                        "precision": 0.0,
                        "recall": 0.0
                    },
                    "metrics": {
                        "MAE": 0.006066278598703845,
                        "MAPE": 0.48619400943195884,
                        "MSE": 0.00029192683094685014,
                        "RMSE": 0.011451079124614492,
                        "SMAPE": 0.4869915998604479
                    },
                    "noise_level": 43
                },
                {
                    "detection_metrics": {
                        "f1_score": 0.0,
                        "precision": 0.0,
                        "recall": 0.0
                    },
                    "metrics": {
                        "MAE": 0.0031760960236936974,
                        "MAPE": 0.24943327112965846,
                        "MSE": 0.00010313914039814236,
                        "RMSE": 0.0058541047535354595,
                        "SMAPE": 0.24616506233928165
                    },
                    "noise_level": 44
                },
                {
                    "detection_metrics": {
                        "f1_score": 0.0,
                        "precision": 0.0,
                        "recall": 0.0
                    },
                    "metrics": {
                        "MAE": 0.006989045062798194,
                        "MAPE": 0.5559751795425821,
                        "MSE": 0.00036470529849837944,
                        "RMSE": 0.013079894314166271,
                        "SMAPE": 0.5501393377605385
                    },
                    "noise_level": 45
                },
                {
                    "detection_metrics": {
                        "f1_score": 0.0,
                        "precision": 0.0,
                        "recall": 0.0
                    },
                    "metrics": {
                        "MAE": 0.0064650254507236824,
                        "MAPE": 0.5202386497976756,
                        "MSE": 0.0002228521945845696,
                        "RMSE": 0.012244647571108304,
                        "SMAPE": 0.5226345239187833
                    },
                    "noise_level": 46
                },
                {
                    "detection_metrics": {
                        "f1_score": 0.0,
                        "precision": 0.0,
                        "recall": 0.0
                    },
                    "metrics": {
                        "MAE": 0.0058336477548387,
                        "MAPE": 0.46327889654941445,
                        "MSE": 0.0001508870647407548,
                        "RMSE": 0.01086159999234627,
                        "SMAPE": 0.4663898530101469
                    },
                    "noise_level": 47
                },
                {
                    "detection_metrics": {
                        "f1_score": 0.0,
                        "precision": 0.0,
                        "recall": 0.0
                    },